feature,source,mean_ON,mean_OFF,cohen_d,abs_d,AUC,AUC_abs,MW_p,r_pointbiserial,KS_stat,KS_p,MW_p_BH,significant
ssn_B1,new,-0.07812356357603067,-0.15804470038331078,0.8555045696227616,0.8555045696227616,0.678951367781155,0.678951367781155,2.429422354172382e-06,0.36875388846789003,0.3305471124620061,3.851819444236587e-06,9.078095036339597e-06,True
lr B2 B4,original,3.4141420212765956,0.5155404761904763,0.8410932624550064,0.8410932624550064,0.753894376899696,0.753894376899696,2.2546813388726932e-11,0.36336835550838775,0.4642857142857143,7.152962254365425e-12,5.787015436439913e-10,True
ilr 3,original,2.4956601063829784,0.5269428571428572,0.8378095741916791,0.8378095741916791,0.7474037487335359,0.7474037487335359,7.148571682110479e-11,0.36213609699697225,0.4493414387031408,4.0987702298134605e-11,1.0655960376991895e-09,True
clr B4,original,-2.1612425531914896,-0.45645833333333335,-0.8376627360954211,0.8376627360954211,0.2522796352583586,0.7477203647416414,6.761286190460309e-11,-0.36208094912901706,0.4493414387031408,4.0987702298134605e-11,1.0655960376991895e-09,True
clr B2,original,1.2527404255319152,0.05884523809523809,0.7777500857488162,0.7777500857488162,0.7465488855116515,0.7465488855116515,8.303345748305372e-11,0.3392651098063634,0.4891084093211753,3.6089672610801306e-13,1.0655960376991895e-09,True
alr B4,original,7.0752079787234035,4.497486904761905,0.7605041663643503,0.7605041663643503,0.7102646909827761,0.7102646909827761,3.041912804215962e-08,0.33258269440556976,0.414387031408308,1.7705907571045745e-09,2.602525399162545e-07,True
slope_diff_B1_B2,new,-1.8490165406092274,-0.14544395381623085,-0.7569853848532715,0.7569853848532715,0.3100937183383993,0.6899062816616006,5.656448980266903e-07,-0.3312130273060039,0.2948328267477204,5.781997763831275e-05,2.7221660717534466e-06,True
rolloff_norm_B3,new,0.5298218085106383,0.7448571428571429,-0.7426664826405652,0.7426664826405652,0.3107586119554205,0.6892413880445796,6.169267781910587e-07,-0.3256178891933328,0.44224924012158057,8.947618588524474e-11,2.7943154071006777e-06,True
spectral spread,original,705.6111808510639,1214.2519928571426,-0.7151903603123784,0.7151903603123784,0.3215552178318135,0.6784447821681865,2.593732537320946e-06,-0.3147854293448317,0.3191489361702128,9.494975531546806e-06,9.078095036339597e-06,True
spectral slope norm,original,-0.0017718085106382976,-0.000805952380952381,-0.7000048804873621,0.7000048804873621,0.21143617021276595,0.788563829787234,2.6931687041052502e-14,-0.30874503889675375,0.49746707193515705,1.213792829318034e-13,2.0737399021610424e-12,True
curvature_B2,new,0.027115193206180166,-1.0394657158732346,0.6910253454507642,0.6910253454507642,0.7060536980749748,0.7060536980749748,5.698069226798576e-08,0.30515546779589664,0.44072948328267475,1.0498177860454954e-10,3.863005584167167e-07,True
slope_loglog_B2,new,-2.966855284461668,-1.8968238066725944,-0.6864216354811462,0.6864216354811462,0.30889057750759885,0.6911094224924011,4.79618207463498e-07,-0.30331007637288443,0.3292806484295846,4.264294405278201e-06,2.637900141049239e-06,True
lr B3 B4,original,-1.3918888297872343,-2.852308333333333,0.6654217682995127,0.6654217682995127,0.6809777102330294,0.6809777102330294,1.8662803092151092e-06,0.294849126712002,0.3505572441742654,7.301447843018415e-07,7.983532433864634e-06,True
slope_loglog_B3,new,-1.0186310063664463,-0.20631602219507197,-0.6422360453575746,0.6422360453575746,0.34276849037487334,0.6572315096251267,3.44716136231198e-05,-0.2854263163412144,0.2801418439716312,0.00016021378378255755,9.152807755104223e-05,True
lr B1 B4,original,6.623515957446808,4.160573809523809,0.609074564900226,0.609074564900226,0.705135511651469,0.705135511651469,6.521957479762749e-08,0.2718046325191461,0.40906788247213777,3.0516010065898746e-09,3.863005584167167e-07,True
band gradient,original,-2.207696808510638,-1.3867392857142855,-0.60898607900611,0.60898607900611,0.29457953394123604,0.705420466058764,6.251454974243897e-08,-0.2717680616238487,0.40906788247213777,3.0516010065898746e-09,3.863005584167167e-07,True
band gradient proper,original,-2.207696808510638,-1.386740476190476,-0.6089851696973158,0.6089851696973158,0.29457953394123604,0.705420466058764,6.251454974243897e-08,-0.2717676858036212,0.40906788247213777,3.0516010065898746e-09,3.863005584167167e-07,True
peak_ratio_B2,new,24.370557178209484,41.12434289203721,-0.5999673966178368,0.5999673966178368,0.42508865248226946,0.5749113475177305,0.04851358466524001,-0.2680345155927662,0.2256838905775076,0.0043683525242473615,0.06631027230666808,False
flatness_B1,new,0.542220410002151,0.40567562431656257,0.5913866513536217,0.5913866513536217,0.6522922998986829,0.6522922998986829,6.031283570286665e-05,0.26447101749740454,0.3482776089159068,8.908811680236513e-07,0.00015480294497069105,True
ssn_B3,new,-0.06845278871744341,-0.017193585800295605,-0.5845500489091505,0.5845500489091505,0.3584093211752787,0.6415906788247213,0.00019176127990706506,-0.26162406224939133,0.2444275582573455,0.0015216566073881074,0.00040438825605633525,True
slope_loglog_B1,new,-1.1178387438524409,-1.7513798528563636,0.5659976313953035,0.5659976313953035,0.6296225937183384,0.6296225937183384,0.0006394404367499835,0.25386396862924915,0.22188449848024316,0.00535351447318879,0.0012309228407437183,True
rolloff_norm_B2,new,0.2914627659574468,0.4260833333333333,-0.5477112708211412,0.5477112708211412,0.309903748733536,0.690096251266464,5.509486781675257e-07,-0.2461668799613092,0.41084093211752787,2.576370405618352e-09,2.7221660717534466e-06,True
curvature_B1,new,-0.7533610028612973,-1.330130942536281,0.5248077308991655,0.5248077308991655,0.6414640324214792,0.6414640324214792,0.00019431643472836888,0.23646036228285766,0.3477710233029382,9.260934681521634e-07,0.00040438825605633525,True
crest_B2,new,4.7082514704949565,5.743537972634725,-0.5134801227395401,0.5134801227395401,0.42508865248226946,0.5749113475177305,0.04851358466524001,-0.23163322638642098,0.2256838905775076,0.0043683525242473615,0.06631027230666808,False
band range,original,9.0081585106383,7.276994047619047,0.4979063588209633,0.4979063588209633,0.6472581053698074,0.6472581053698074,0.00010490123328538331,0.22496866290083326,0.2905268490374873,7.838907218325208e-05,0.00024476954433256105,True
entropy_B3,new,0.797224838373678,0.8801268675090311,-0.4958171671930457,0.4958171671930457,0.36936423505572447,0.6306357649442755,0.0005795616611124535,-0.22407219449536486,0.28419452887537994,0.00012161264514434231,0.0011442627668117674,True
trans_B2_B3,new,-0.02888989996195111,0.291117597523696,-0.4836350692619602,0.4836350692619602,0.3822821681864235,0.6177178318135765,0.0019309200919980778,-0.21883359999475366,0.22441742654508612,0.004676707748366449,0.0033040188240856,True
slope_r2_B2,new,0.6360680845922414,0.49912418640890654,0.4824949760611167,0.4824949760611167,0.647289766970618,0.647289766970618,0.00010454958696916336,0.21834235515433303,0.3295339412360689,4.183665773353587e-06,0.00024476954433256105,True
spectral flatness,original,0.031623404255319155,0.05725119047619048,-0.4821921626751539,0.4821921626751539,0.35783941236068895,0.642160587639311,0.00014140195464708687,-0.21821185091596365,0.2786220871327254,0.0001774390863960233,0.00032023383846546146,True
flatness_B3,new,0.3524324237608066,0.4798394609751714,-0.4731186399753418,0.4731186399753418,0.35657294832826747,0.6434270516717325,0.00015808464339827738,-0.21429599627513912,0.2429078014184397,0.0016626120755632232,0.0003477862154762102,True
ssn_B2,new,-0.20687498960176856,-0.15485253936652663,-0.4423272468098076,0.4423272468098076,0.39703647416413373,0.6029635258358663,0.006689327933858101,-0.20093106636685626,0.21808510638297873,0.00653637015099719,0.010099573547197526,True
cv_B3,new,3.2081955798646034,1.965587593048109,0.42351620418666003,0.42351620418666003,0.6131585612968592,0.6131585612968592,0.002877459035132183,0.19271009844633005,0.2502532928064843,0.0010761192501053483,0.004615923868857877,True
energy_concentration,new,0.7398901588588005,0.7877364745865681,-0.39513262780400077,0.39513262780400077,0.39475683890577506,0.6052431610942249,0.005571503000452307,-0.18022894774714288,0.17654508611955422,0.046221562087847584,0.008755219000710768,True
entropy_B1,new,0.9159620871132553,0.8925640070126862,0.3951013615821387,0.3951013615821387,0.6141717325227963,0.6141717325227963,0.002636421078203984,0.1802151498520056,0.2619047619047619,0.0005261095672391792,0.004319243043015038,True
flatness_B2,new,0.17192316339994707,0.24246110489322745,-0.3794799580215871,0.3794799580215871,0.3215552178318136,0.6784447821681864,2.5937414389541703e-06,-0.17330813570113174,0.3487841945288754,8.521663447427371e-07,9.078095036339597e-06,True
trans_B3_B4,new,3.1837470576528237,3.5179024671040913,-0.3614662757340232,0.3614662757340232,0.3968465045592705,0.6031534954407295,0.006589000132445408,-0.16531156764017682,0.2079533941236069,0.010942999088247727,0.010099573547197526,True
peak_ratio_B3,new,46.87610724969899,26.3203996221456,0.3415708669937509,0.3415708669937509,0.5433763931104356,0.5433763931104356,0.25345569323156336,0.1564416832006684,0.12613981762917933,0.2844604523807072,0.3147756190133932,False
entropy_B2,new,0.778709853433504,0.8117997412769166,-0.33737108429101986,0.33737108429101986,0.3837386018237082,0.6162613981762918,0.002196547134297581,-0.15456438798404726,0.23961499493414387,0.002009688083031915,0.003676828898715516,True
rolloff_norm_B4,new,0.6414308510638298,0.7031726190476191,-0.3256091157686596,0.3256091157686596,0.41239235055724416,0.5876076494427558,0.021034295574145035,-0.1492979499730181,0.23328267477203649,0.0028764554721137222,0.03114693767709938,True
crest_B1,new,2.8486801330485276,3.3175151177298594,-0.32449301125078533,0.32449301125078533,0.28007852077001016,0.7199214792299898,6.897668594910988e-09,-0.14879754450778762,0.41185410334346506,2.3088264642148373e-09,6.639006022601826e-08,True
cv_B1,new,1.3181401602916663,1.5559595908599337,-0.3142337377902506,0.3142337377902506,0.37145390070921985,0.6285460992907801,0.0007093317173742437,-0.14419248886504335,0.2917933130699088,7.17122240510583e-05,0.0013321595667760188,True
peak_ratio_B4,new,13.334722707072086,17.056363057437242,-0.2968041148048043,0.2968041148048043,0.49012158054711247,0.5098784194528876,0.7953028777834421,-0.1363475214049587,0.14792299898682879,0.1398392007775299,0.8388811176619869,False
crest_B3,new,5.742702042259546,4.778750451496045,0.2938568466018636,0.2938568466018636,0.5433763931104356,0.5433763931104356,0.25345569323156336,0.13501839262457996,0.12613981762917933,0.2844604523807072,0.3147756190133932,False
slope_diff_B3_B4,new,-0.46035889017403264,-1.1977377197646892,0.28663605940537107,0.28663605940537107,0.5657928064842959,0.5657928064842959,0.08316727808452798,0.13175896770421053,0.1778115501519757,0.043816817069104216,0.10854034597472295,False
spectral slope,original,-0.0006388297872340426,-0.00012499999999999998,-0.2845962627524183,0.2845962627524183,0.4745124113475177,0.5254875886524824,0.2710690872960838,-0.13083744205198164,0.1157548125633232,0.38256039148554444,0.3313066622507691,False
crest factor,original,6.017823936170212,6.975653571428573,-0.2798915867982553,0.2798915867982553,0.3301671732522796,0.6698328267477204,7.68593809495681e-06,-0.12871068163956784,0.4078014184397163,3.4783680165398164e-09,2.386138069568022e-05,True
slope_r2_B4,new,0.29105971977408174,0.23269063756967098,0.27806829263238264,0.27806829263238264,0.5747213779128671,0.5747213779128671,0.04908682495428677,0.1278859804130592,0.17831813576494426,0.042877816695253805,0.06631027230666808,False
spectral centroid,original,1160.1715537234043,1552.6485190476192,-0.27733712078915607,0.27733712078915607,0.3606889564336373,0.6393110435663627,0.00024296004640282228,-0.12755518653609144,0.25455927051671734,0.000829253455107427,0.0004923137782372978,True
spectral entropy,original,0.7936898936170214,0.7786964285714285,0.27226786558977406,0.27226786558977406,0.5636714792299898,0.5636714792299898,0.09275081166072288,0.12526060966680647,0.16084093211752787,0.08690034637995953,0.1190302082979277,False
B4 B1 ratio,original,5.192039361702128,0.42356071428571423,0.2669931424302545,0.2669931424302545,0.35540146909827763,0.6445985309017224,3.0868076820732355e-05,0.1228708928475429,0.3662613981762918,1.8374519343010135e-07,8.488721125701397e-05,True
hi lo ratio,original,3.8585835106382977,0.40967142857142863,0.25546054155773146,0.25546054155773146,0.3817439209726443,0.6182560790273557,0.0008183430135134274,0.11763864315636804,0.3130699088145897,1.5117533199872436e-05,0.0014654049311752073,True
B3 B2 ratio,original,1.9471234042553194,0.30773928571428566,0.2531911779451184,0.2531911779451184,0.37908434650455924,0.6209156534954408,0.0010431973877007886,0.11660788207661549,0.35081053698074977,7.164985035406005e-07,0.0018255954284763802,True
rolloff_norm_B1,new,0.5876702127659573,0.5385535714285711,0.2371802242239172,0.2371802242239172,0.5691489361702127,0.5691489361702127,0.068601496126584,0.10932506330208831,0.17933130699088146,0.04106325805253431,0.09107440003012014,False
B4 frac,original,0.08874148936170212,0.14009523809523813,-0.22543203499122724,0.22543203499122724,0.34321175278622085,0.6567882472137792,4.987037468997083e-06,-0.10396993662535076,0.39285714285714285,1.5232595510056988e-08,1.669573413533806e-05,True
flatness_B4,new,0.4814863872537163,0.543358748622734,-0.21625969843386905,0.21625969843386905,0.47391084093211755,0.5260891590678825,0.4923775181200458,-0.09978263057452796,0.16818642350557245,0.06519805661358428,0.5416152699320504,False
slope_r2_B3,new,0.27444523513670277,0.22455279865042652,0.1934687886342723,0.1934687886342723,0.5323581560283688,0.5323581560283688,0.39438038166337674,0.089355725849532,0.16438703140830802,0.07578566555585324,0.45751306199861164,False
crest_B4,new,3.4543965559604235,3.7210944399519406,-0.1897868956677854,0.1897868956677854,0.49012158054711247,0.5098784194528876,0.7953028777834421,-0.08766839791753146,0.14792299898682879,0.1398392007775299,0.8388811176619869,False
peak to mean,original,48.036932446808514,59.83977857142858,-0.15070540559996232,0.15070540559996232,0.33023049645390073,0.6697695035460993,7.747201524571501e-06,-0.06971450224964393,0.4078014184397163,3.4783680165398164e-09,2.386138069568022e-05,True
curvature_B4,new,-1.357236022045841,-0.823036299836642,-0.14092313171710885,0.14092313171710885,0.4814463019250253,0.5185536980749748,0.6255520945021538,-0.0652092472973436,0.19098277608915906,0.024552831283836535,0.678415651784026,False
spectral skew,original,6.227060106382979,6.954625,-0.13763871462183444,0.13763871462183444,0.350177304964539,0.649822695035461,7.928880292839312e-05,-0.06369569090680076,0.3518237082066869,6.54686244078507e-07,0.0001969431556608474,True
centroid_mhz_norm,new,5.665880468167204,7.461687907195648,-0.13647866986313356,0.13647866986313356,0.3211752786220871,0.6788247213779128,2.469541345203785e-06,-0.06316100242695351,0.31382978723404253,1.4280867369774897e-05,9.078095036339597e-06,True
B4 B2 ratio,original,35.05869255319149,8.110790476190475,0.13382601470574923,0.13382601470574923,0.24556737588652483,0.7544326241134751,1.4799990368910227e-11,0.061938135455532436,0.4642857142857143,7.152962254365425e-12,5.697996292030437e-10,True
curvature_B3,new,0.7613137945616102,0.9344474671297094,-0.13284061788314774,0.13284061788314774,0.4953774062816616,0.5046225937183384,0.903725508797699,-0.06148379878547644,0.16261398176291794,0.08120399462430983,0.927824855698971,False
slope_diff_B2_B3,new,1.9482242780952208,1.6905077844775223,0.1171357625512775,0.1171357625512775,0.5346377912867275,0.5346377912867275,0.3618942407243061,0.054237793212959615,0.12234042553191489,0.3180560190975583,0.43540400837143073,False
cv_B2,new,2.798904464554521,2.9655114254817656,-0.11585878152486392,0.11585878152486392,0.5321048632218844,0.5321048632218844,0.3980957812195711,-0.05364821924658114,0.16134751773049646,0.08528353548159853,0.45751306199861164,False
entropy_B4,new,0.890510112069814,0.898460447227225,-0.1123113179507092,0.1123113179507092,0.500886524822695,0.500886524822695,0.9820308210713323,-0.052010085532229286,0.17097264437689969,0.058245620650407275,0.9820308210713323,False
log hi lo,original,0.3226792553191489,0.2306202380952381,0.10899002147763588,0.10899002147763588,0.38171225937183384,0.6182877406281662,0.0008156151252865242,0.05047600934317546,0.3130699088145897,1.5117533199872436e-05,0.0014654049311752073,True
log B4 B1,original,0.326986170212766,0.232722619047619,0.10427733294048531,0.10427733294048531,0.3553381458966565,0.6446618541033435,3.062135858946195e-05,0.04829865138674742,0.3662613981762918,1.8374519343010135e-07,8.488721125701397e-05,True
log B2 B1,original,0.1289617021276596,0.10498452380952379,0.10173431665960728,0.10173431665960728,0.5767477203647415,0.5767477203647415,0.04241105605658917,0.04712343808855668,0.17401215805471124,0.051375368430932974,0.06047502437698826,False
peak_ratio_B1,new,10.697856090247901,11.935045881829236,-0.08886486533394793,0.08886486533394793,0.28007852077001016,0.7199214792299898,6.897668594910988e-09,-0.041173131040083015,0.41185410334346506,2.3088264642148373e-09,6.639006022601826e-08,True
ssn_B4,new,-0.10308510964902591,-0.11248846394528692,0.0783818037168687,0.0783818037168687,0.5092451874366768,0.5092451874366768,0.8082013185620539,0.03632292414259785,0.17553191489361702,0.04822021325754496,0.8409662368821372,False
slope_loglog_B4,new,-1.478989896540479,-1.4040537419597614,-0.04388996779520845,0.04388996779520845,0.4694782168186424,0.5305217831813576,0.4217910492143604,-0.020348273524467178,0.20339412360688958,0.013691721370629677,0.4706943592681993,False
trans_B1_B2,new,-0.1938135292210591,-0.21630358437498426,0.029911152905496625,0.029911152905496625,0.46878166160081053,0.5312183383991895,0.4112648191449665,0.013868951031642443,0.1770516717325228,0.045244624479101075,0.46569692756121206,False
spectral kurtosis,original,88.59899095744682,83.59164761904763,0.026758627988124555,0.026758627988124555,0.3414070415400203,0.6585929584599797,2.946162926138676e-05,0.012407453152930278,0.3761398176291793,7.51203547625453e-08,8.488721125701397e-05,True
cv_B4,new,1.6294029953159752,1.6491292565815523,-0.020988618236035587,0.020988618236035587,0.46599544072948335,0.5340045592705167,0.3707454333030117,-0.009732300570927267,0.1828774062816616,0.03524644737098122,0.43919074406664466,False
B2 B1 ratio,original,0.17316702127659575,0.18361904761904763,-0.019731419547384884,0.019731419547384884,0.577475937183384,0.577475937183384,0.04048615244332093,-0.00914939518436041,0.17401215805471124,0.051375368430932974,0.05881950449312664,False
slope_r2_B1,new,0.44416104848848886,0.44253210903920986,0.0055687587886088874,0.0055687587886088874,0.5015197568389057,0.5015197568389057,0.9687256906490851,0.002582314848542891,0.0977710233029382,0.5933339639738614,0.9814720813155204,False
